{"percentages": [0.4, 0.5, 0.6, 0.7, 0.8], "base_methods": ["ig"], "modifiers": ["base"], "dataset": "cifar10", "imputations": ["telea"], "orders": ["lerf"], "telea": {"ig": {"base": {"lerf": {"0.4": [0.949999988079071], "0.5": [0.8999999761581421], "0.6": [0.8500000238418579], "0.7": [0.8500000238418579], "0.8": [0.6499999761581421]}}}}}