{"percentages": [0.4, 0.5, 0.6, 0.7, 0.8, 0.1, 0.0, 0.9], "base_methods": ["ig", "gb"], "modifiers": ["base"], "dataset": "cifar10", "imputations": ["telea"], "orders": ["lerf"], "telea": {"ig": {"base": {"lerf": {"0.4": [0.550000011920929], "0.5": [0.5], "0.6": [0.25], "0.7": [0.05000000074505806], "0.8": [0.0], "0.1": [0.6499999761581421], "0.0": [0.6499999761581421], "0.9": [0.5]}}}, "gb": {"base": {"lerf": {"0.0": ["pending11-01-2023,23:58:08"]}}}}}