{"percentages": [0.0, 0.1, 0.2, 0.3, 0.4, 0.5, 0.6, 0.7, 0.8, 0.9, 0.99], "base_methods": ["ig"], "modifiers": ["base"], "dataset": "cifar10", "imputations": ["ns"], "orders": ["lerf", "morf"], "ns": {"ig": {"base": {"lerf": {"0.0": [0.6499999761581421], "0.1": [0.8500000238418579], "0.2": [0.8999999761581421], "0.3": [0.949999988079071], "0.4": [0.8999999761581421], "0.5": [0.8500000238418579], "0.6": [0.75], "0.7": [0.8500000238418579], "0.8": [0.6499999761581421], "0.9": [0.25], "0.99": [0.0]}, "morf": {"0.0": [0.6499999761581421], "0.1": [0.3499999940395355], "0.2": [0.30000001192092896], "0.3": [0.15000000596046448], "0.4": [0.15000000596046448], "0.5": [0.15000000596046448], "0.6": [0.3499999940395355], "0.7": [0.4000000059604645], "0.8": [0.4000000059604645], "0.9": [0.10000000149011612], "0.99": [0.0]}}}}}